date,confirmed_cases_per_day,active_cases_per_day,cured_per_day,deaths_per_day,hospital_beds_per_thousand,cases_per_million,deaths_per_million,actives_per_million
2020-12-03,74,71.0,3.0,0.0,0.53,0.05362301801671449,0.0,0.05144911188090174
2020-03-13,1,0.0,0.0,1.0,0.53,0.0007246353786042499,0.0007246353786042499,0.0
2020-03-14,9,1.0,7.0,1.0,0.53,0.006521718407438249,0.0007246353786042499,0.0007246353786042499
2020-03-15,23,23.0,0.0,0.0,0.53,0.016666613707897748,0.0,0.016666613707897748
2020-03-16,7,4.0,3.0,0.0,0.53,0.005072447650229749,0.0,0.0028985415144169996
2020-03-17,23,21.0,1.0,1.0,0.53,0.016666613707897748,0.0007246353786042499,0.015217342950689248
2020-03-18,9,9.0,0.0,0.0,0.53,0.006521718407438249,0.0,0.006521718407438249
2020-03-19,20,19.0,1.0,0.0,0.53,0.014492707572084998,0.0,0.013768072193480748
2020-03-20,29,23.0,5.0,1.0,0.53,0.021014425979523247,0.0007246353786042499,0.016666613707897748
2020-03-21,63,60.0,3.0,0.0,0.53,0.04565202885206774,0.0,0.043478122716254994
2020-03-22,102,98.0,1.0,3.0,0.53,0.07391280861763348,0.0021739061358127497,0.07101426710321648
2020-03-23,73,73.0,0.0,0.0,0.53,0.05289838263811024,0.0,0.05289838263811024
2020-03-24,59,44.0,13.0,2.0,0.53,0.04275348733765074,0.0014492707572084998,0.031883956658586995
2020-03-25,27,23.0,3.0,1.0,0.53,0.019565155222314747,0.0007246353786042499,0.016666613707897748
2020-03-26,130,124.0,3.0,3.0,0.53,0.09420259921855248,0.0021739061358127497,0.08985478694692699
2020-03-27,75,47.0,24.0,4.0,0.53,0.05434765339531874,0.0028985415144169996,0.03405786279439974
2020-03-28,185,170.0,13.0,2.0,0.53,0.1340575450417862,0.0014492707572084998,0.12318801436272248
2020-03-29,70,57.0,7.0,6.0,0.53,0.05072447650229749,0.004347812271625499,0.04130421658044224
2020-03-30,92,75.0,13.0,4.0,0.53,0.06666645483159099,0.0028985415144169996,0.05434765339531874
2020-03-31,326,296.0,24.0,6.0,0.53,0.23623113342498545,0.004347812271625499,0.21449207206685797
2020-01-04,240,228.0,9.0,3.0,0.53,0.17391249086501998,0.0021739061358127497,0.16521686632176896
2020-02-04,328,298.0,18.0,12.0,0.53,0.23768040418219397,0.008695624543250999,0.21594134282406646
2020-03-04,336,324.0,6.0,6.0,0.53,0.24347748721102797,0.004347812271625499,0.23478186266777695
2020-04-04,601,562.0,27.0,12.0,0.53,0.4355058625411542,0.008695624543250999,0.4072450827755884
2020-05-04,472,380.0,83.0,9.0,0.53,0.3420278987012059,0.006521718407438249,0.275361443869615
2020-06-04,693,636.0,25.0,32.0,0.53,0.5021723173727451,0.023188332115335997,0.4608681007923029
2020-07-04,354,315.0,34.0,5.0,0.53,0.25652092402590443,0.0036231768930212495,0.22826014426033872
2020-08-04,773,662.0,76.0,35.0,0.53,0.5601431476610852,0.025362238251148746,0.47970862063601344
2020-09-04,540,452.0,71.0,17.0,0.53,0.3913031044462949,0.012318801436272248,0.32753519112912094
2020-10-04,678,614.0,31.0,33.0,0.53,0.49130278669368144,0.023912967493940247,0.44492612246300944
2020-11-04,1035,856.0,139.0,40.0,0.53,0.7499976168553986,0.028985415144169996,0.6202878840852379
2020-12-04,909,802.0,73.0,34.0,0.53,0.6586935591512632,0.024637602872544496,0.5811575736406084
2020-04-13,796,620.0,141.0,35.0,0.53,0.5768097613689829,0.025362238251148746,0.4492739347346349
2020-04-14,1211,1001.0,179.0,31.0,0.53,0.8775334434897466,0.022463696736731747,0.7253600139828541
2020-04-15,1076,768.0,270.0,38.0,0.53,0.7797076673781729,0.027536144386961496,0.5565199707680639
2020-04-16,941,721.0,183.0,37.0,0.53,0.6818818912665991,0.026811509008357246,0.5224621079736641
2020-04-17,1007,724.0,260.0,23.0,0.53,0.7297078262544796,0.016666613707897748,0.5246360141094769
2020-04-18,991,705.0,243.0,43.0,0.53,0.7181136601968117,0.031159321279982746,0.5108679419159962
2020-04-19,1334,1068.0,239.0,27.0,0.53,0.9666635950580693,0.019565155222314747,0.7739105843493389
2020-04-20,1553,1201.0,316.0,36.0,0.53,1.1253587429724001,0.026086873629752996,0.870287089703704
2020-04-21,1336,584.0,705.0,47.0,0.53,0.9681128658152778,0.03405786279439974,0.4231870611048819
2020-04-22,1383,715.0,618.0,50.0,0.53,1.0021707286096775,0.036231768930212495,0.5181142957020387
2020-04-23,1409,980.0,388.0,41.0,0.53,1.021011248453388,0.029710050522774246,0.7101426710321649
2020-04-24,1684,1156.0,491.0,37.0,0.53,1.2202859775695567,0.026811509008357246,0.8376784976665128
2020-04-25,1429,1058.0,314.0,57.0,0.53,1.035503956025473,0.04130421658044224,0.7666642305632964
2020-04-26,1990,1200.0,741.0,49.0,0.53,1.4420244034224572,0.03550713355160824,0.8695624543250998
2020-04-27,1396,967.0,381.0,48.0,0.53,1.0115909885315328,0.034782498173003995,0.7007224111103096
2020-04-28,1543,797.0,684.0,62.0,0.53,1.1181123891863576,0.044927393473463494,0.5775343967475871
2020-04-29,1897,997.0,827.0,73.0,0.53,1.374633313212262,0.05289838263811024,0.7224614724684372
2020-04-30,1718,1022.0,629.0,67.0,0.53,1.2449235804421013,0.04855057036648474,0.7405773569335433
2020-01-05,1993,1356.0,564.0,73.0,0.53,1.44419830955827,0.05289838263811024,0.9826055733873629
2020-02-05,2293,1160.0,1062.0,71.0,0.53,1.6615889231395449,0.05144911188090174,0.8405770391809299
2020-03-05,2644,1879.0,682.0,83.0,0.53,1.9159359410296366,0.06014473642415274,1.3615898763973855
2020-04-05,2553,1407.0,1074.0,72.0,0.53,1.84999412157665,0.05217374725950599,1.0195619776961795
2020-05-05,3900,2685.0,1020.0,195.0,0.53,2.8260779765565744,0.14130389882782873,1.945645991552411
2020-06-05,2957,1375.0,1456.0,126.0,0.53,2.142746814532767,0.09130405770413548,0.9963736455808436
2020-07-05,3561,2388.0,1084.0,89.0,0.53,2.580426583209734,0.06449254869577824,1.7304292841069486
2020-08-05,3390,2014.0,1273.0,103.0,0.53,2.456513933468407,0.07463744399623774,1.4594156525089592
2020-09-05,3321,1919.0,1307.0,95.0,0.53,2.4065140923447137,0.06884036096740374,1.3905752915415555
2020-10-05,3277,1638.0,1511.0,128.0,0.53,2.374630135686127,0.09275332846134399,1.1869527501537613
2020-11-05,4213,2557.0,1559.0,97.0,0.53,3.0528888500597047,0.07028963172461224,1.852892663091067
2020-12-05,3604,1979.0,1538.0,87.0,0.53,2.6115859044897167,0.06304327793856974,1.4340534142578105
2020-05-13,3525,1472.0,1931.0,122.0,0.53,2.5543397095799807,0.08840551618971848,1.0666632773054558
2020-05-14,3722,1739.0,1849.0,134.0,0.53,2.697092879165018,0.09710114073296948,1.2601409233927905
2020-05-15,3967,2182.0,1685.0,100.0,0.53,2.8746285469230592,0.07246353786042499,1.5811543961144732
2020-05-16,3970,1634.0,2233.0,103.0,0.53,2.876802453058872,0.07463744399623774,1.1840542086393442
2020-05-17,4987,911.0,3956.0,120.0,0.53,3.613756633099394,0.08695624543250999,0.6601428299084716
2020-05-18,5242,2370.0,2715.0,157.0,0.53,3.798538654643478,0.11376775444086723,1.7173858472920722
2020-05-19,4970,2486.0,2350.0,134.0,0.53,3.6014378316631217,0.09710114073296948,1.8014435512101652
2020-05-20,5611,2347.0,3124.0,140.0,0.53,4.065929109348446,0.10144895300459499,1.7007192335841745
2020-05-21,5609,2475.0,3002.0,132.0,0.53,4.064479838591238,0.09565186997576099,1.7934725620455185
2020-05-22,6088,2706.0,3234.0,148.0,0.53,4.4115801849426735,0.10724603603342898,1.9608633345031001
2020-05-23,6654,3267.0,3250.0,137.0,0.53,4.821723809232679,0.09927504686878223,2.3673837819000845
2020-05-24,6767,3963.0,2657.0,147.0,0.53,4.903607607014959,0.10652140065482472,2.8717300054086423
2020-05-25,6977,3543.0,3280.0,154.0,0.53,5.055781036521851,0.11159384830505448,2.567383146394857
2020-05-26,6535,3619.0,2770.0,146.0,0.53,4.735492199178773,0.10579676527622048,2.62245543516878
2020-05-27,6387,2282.0,3935.0,170.0,0.53,4.628246163145344,0.12318801436272248,1.6536179339748982
2020-05-28,6566,3106.0,3266.0,194.0,0.53,4.757955895915504,0.14057926344922447,2.2507174859448003
2020-05-29,7466,3877.0,3414.0,175.0,0.53,5.410127736659329,0.12681119125574372,2.8094113628486768
2020-05-30,7964,-3565.0,11264.0,265.0,0.53,5.770996155204246,0.1920283753301262,-2.583325124724151
2020-05-31,8380,3573.0,4614.0,193.0,0.53,6.072444472703614,0.1398546280706202,2.5891222077529847
2020-01-06,8392,3327.0,4835.0,230.0,0.53,6.081140097246865,0.16666613707897748,2.4108619046163393
2020-02-06,8171,4259.0,3708.0,204.0,0.53,5.920995678575325,0.14782561723526697,3.0862220774755
2020-03-06,8909,3916.0,4776.0,217.0,0.53,6.455776587985262,0.1572458771571222,2.8376721426142426
2020-04-06,9304,5240.0,3804.0,260.0,0.53,6.74200756253394,0.18840519843710496,3.797089383886269
2020-05-06,9851,4223.0,5355.0,273.0,0.53,7.138383114630465,0.1978254583589602,3.060135203845747
2020-06-06,9887,4982.0,4611.0,294.0,0.53,7.164469988260218,0.21304280130964945,3.610133456206373
2020-07-06,9971,4464.0,5220.0,287.0,0.53,7.225339360062976,0.2079703536594197,3.2347723300893714
2020-08-06,9983,4975.0,4802.0,206.0,0.53,7.234034984606226,0.14927488799247549,3.605061008556143
2020-09-06,9987,4536.0,5120.0,331.0,0.53,7.236933526120644,0.23985431031800672,3.2869460773488774
2020-10-06,9985,3715.0,5991.0,279.0,0.53,7.235484255363435,0.2021732706305857,2.692020431514788
2020-11-06,9996,3816.0,5823.0,357.0,0.53,7.243455244528081,0.2586948301617172,2.7652086047538176
2020-12-06,10956,4394.0,6166.0,396.0,0.53,7.939105207988161,0.286955609927283,3.184047853587074
2020-06-13,11458,3937.0,7135.0,386.0,0.53,8.302872168047495,0.2797092561412404,2.8528894855649316
2020-06-14,11929,3569.0,8049.0,311.0,0.53,8.644175431370098,0.2253616027459217,2.586223666238568
2020-06-15,11502,3758.0,7419.0,325.0,0.53,8.334756124706082,0.2355064980463812,2.723179752794771
2020-06-16,10667,72.0,10215.0,380.0,0.53,7.729685583571533,0.275361443869615,0.05217374725950599
2020-06-17,10974,2049.0,6922.0,2003.0,0.53,7.952148644803038,1.4514446633443125,1.484777890760108
2020-06-18,12881,5157.0,7390.0,334.0,0.53,9.334028311801342,0.24202821645381944,3.7369446474621166
2020-06-19,13586,2864.0,10386.0,336.0,0.53,9.844896253717339,0.24347748721102797,2.0753557243225718
2020-06-20,14516,5021.0,9120.0,375.0,0.53,10.51880715581929,0.2717382669765937,3.638394235971939
2020-06-21,15413,1182.0,13925.0,306.0,0.53,11.168805090427304,0.22173842585290046,0.8565190175102233
2020-06-22,14821,4936.0,9440.0,445.0,0.53,10.739820946293587,0.3224627434788912,3.5768002287905776
2020-06-23,14933,3627.0,10994.0,312.0,0.53,10.820980108697263,0.22608623812452597,2.6282525181976144
2020-06-24,15968,5008.0,10495.0,465.0,0.53,11.570977725552662,0.3369554510509762,3.628973976050083
2020-06-25,16922,3492.0,13012.0,418.0,0.53,12.262279876741117,0.3028975882565764,2.5304267420860405
2020-06-26,17296,2949.0,13940.0,407.0,0.53,12.533293508339106,0.2949265990919297,2.136949731503933
2020-06-27,18552,7924.0,10244.0,384.0,0.53,13.443435543866043,0.27825998538403196,5.742010740060076
2020-06-28,19906,5664.0,13832.0,410.0,0.53,14.424591846496197,0.29710050522774245,4.104334784414471
2020-06-29,19459,7069.0,12010.0,380.0,0.53,14.100679832260099,0.275361443869615,5.122447491353443
2020-06-30,18522,5005.0,13099.0,418.0,0.53,13.421696482507915,0.3028975882565764,3.6268000699142706
2020-01-07,18653,4989.0,13157.0,507.0,0.53,13.516623717105073,0.3673901369523547,3.6152059038566025
2020-02-07,19148,6833.0,11881.0,434.0,0.53,13.875318229514177,0.3144917543142444,4.95143354200284
2020-03-07,20903,492.0,20032.0,379.0,0.53,15.147053318964636,0.2746368084910107,0.35652060627329096
2020-04-07,22771,7994.0,14335.0,442.0,0.53,16.500672206197375,0.32028883734307845,5.792735216562374
2020-05-07,24850,9381.0,14856.0,613.0,0.53,18.007189158315608,0.44420148708440516,6.797804486686468
2020-06-07,24248,8473.0,15350.0,425.0,0.53,17.57095866039585,0.3079700359068062,6.1398355629138095
2020-07-07,22252,6270.0,15515.0,467.0,0.53,16.12458644470177,0.3384047218081847,4.543463823848647
2020-08-07,22752,5387.0,16883.0,482.0,0.53,16.486904134003893,0.3492742524872484,3.903610784541094
2020-09-07,24879,4845.0,19547.0,487.0,0.53,18.02820358429513,0.3528974293802697,3.5108584093375907
2020-10-07,26506,6896.0,19135.0,475.0,0.53,19.20718534528425,0.3442018048370187,4.997085570854907
2020-11-07,27114,6722.0,19873.0,519.0,0.53,19.647763655475632,0.3760857614956057,4.870999014977768
2020-12-07,28637,8851.0,19235.0,551.0,0.53,20.751383337089905,0.3992740936109417,6.413747736026216
2020-07-13,28701,9351.0,18850.0,500.0,0.53,20.797760001320576,0.36231768930212493,6.7760654253283406
2020-07-14,28498,9956.0,17989.0,553.0,0.53,20.650659019463912,0.4007233643681502,7.214469829383912
2020-07-15,29429,8275.0,20572.0,582.0,0.53,21.32529455694447,0.42173779034767345,5.996357757950167
2020-07-16,32695,11306.0,20783.0,606.0,0.53,23.69195370346595,0.4391290394341754,8.192727590499649
2020-07-17,34956,11327.0,22942.0,687.0,0.53,25.33035429449016,0.49782450510111964,8.207944933450339
2020-07-18,34884,16219.0,17994.0,671.0,0.53,25.27818054723065,0.48623033904345164,11.75286120558233
2020-07-19,38902,14687.0,23672.0,543.0,0.53,28.189765498462528,0.39347701058210766,10.642719805560619
2020-07-20,40425,17080.0,22664.0,681.0,0.53,29.2933851800768,0.49347669282949413,12.376772266560588
2020-07-21,37148,12070.0,24491.0,587.0,0.53,26.918755044390675,0.42536096724069467,8.746349019753296
2020-07-22,37724,8604.0,28472.0,648.0,0.53,27.336145022466724,0.4695637253355539,6.234762797510966
2020-07-23,45720,15034.0,29557.0,1129.0,0.53,33.13032950978631,0.8181133424441981,10.894168281936292
2020-07-24,49310,13968.0,34602.0,740.0,0.53,35.73177051897556,0.5362301801671449,10.121706968344162
2020-07-25,48916,15936.0,32223.0,757.0,0.53,35.44626417980549,0.5485489816034171,11.547789393437325
2020-07-26,48661,11811.0,36145.0,705.0,0.53,35.2614821582614,0.5108679419159962,8.558668456694795
2020-07-27,49931,17232.0,31991.0,708.0,0.53,36.1817690890888,0.5130418480518089,12.486916844108434
2020-07-28,47703,11874.0,35175.0,654.0,0.53,34.56728146555853,0.4739115376071794,8.604320485546863
2020-07-29,48513,12459.0,35286.0,768.0,0.53,35.15423612222797,0.5565199707680639,9.028232182030349
2020-07-30,52123,18795.0,32553.0,775.0,0.53,37.77016983898932,0.5615924184182937,13.619521940866877
2020-07-31,55078,17076.0,37223.0,779.0,0.53,39.911467382764876,0.5644909599327107,12.37387372504617
2020-01-08,57118,19785.0,36569.0,764.0,0.53,41.38972355511754,0.5536214292536469,14.336910965685083
2020-02-08,54735,2627.0,51255.0,853.0,0.53,39.66291744790362,0.6181139779494251,1.9036171395933643
2020-03-08,52972,11627.0,40574.0,771.0,0.53,38.385385275424326,0.5586938769038766,8.425335547031613
2020-04-08,52050,6941.0,44306.0,803.0,0.53,37.717271456351206,0.5818822090192126,5.029694162892098
2020-05-08,52509,-54.0,51706.0,857.0,0.53,38.04987909513056,0.6210125194638422,-0.039130310444629494
2020-06-08,56282,9257.0,46121.0,904.0,0.53,40.783928378604394,0.6550703822582419,6.707949699739541
2020-07-08,62538,11883.0,49769.0,886.0,0.53,45.31724730715258,0.6420269454433654,8.6108422039543
2020-08-08,61537,11704.0,48900.0,933.0,0.53,44.59188729316973,0.6760848082377652,8.481132471184141
2020-09-08,64399,9659.0,53879.0,861.0,0.53,46.66579374673509,0.6239110609782591,6.999253121938449
2020-10-08,62064,6198.0,54859.0,1007.0,0.53,44.97377013769417,0.7297078262544796,4.491290076589141
2020-11-08,53601,4984.0,47746.0,871.0,0.53,38.841180928566395,0.6311574147643016,3.611582726963581
2020-12-08,60963,4019.0,56110.0,834.0,0.53,44.17594658585089,0.6043459057559444,2.9123095866104802
2020-08-13,66999,9674.0,56383.0,942.0,0.53,48.54984573110614,0.6826065266452034,7.010122652617513
2020-08-14,64553,7973.0,55573.0,1007.0,0.53,46.77738759504014,0.7297078262544796,5.777517873611684
2020-08-15,65002,6625.0,57381.0,996.0,0.53,47.10274888003345,0.7217368370898328,4.800709383253156
2020-08-16,63490,9224.0,53322.0,944.0,0.53,46.00710018758382,0.6840557974024118,6.684036732245601
2020-08-17,57981,-544.0,57584.0,941.0,0.53,42.01508388685301,0.6818818912665991,-0.39420164596071194
2020-08-18,55079,-3734.0,57937.0,876.0,0.53,39.91219201814348,0.6347805916573229,-2.705788503708269
2020-08-19,64531,3348.0,60091.0,1092.0,0.53,46.76144561671085,0.7913018334358408,2.4260792475670288
2020-08-20,69652,9881.0,58794.0,977.0,0.53,50.47230339054321,0.7079687648963521,7.160122175988593
2020-08-21,68898,5633.0,62282.0,983.0,0.53,49.92592831507561,0.7123165771679776,4.081871087677739
2020-08-22,69878,5302.0,63631.0,945.0,0.53,50.636070986107775,0.6847804327810161,3.8420167773597327
2020-08-23,69239,10338.0,57989.0,912.0,0.53,50.173028979179655,0.6608674652870759,7.491280544010735
2020-08-24,61408,3103.0,57469.0,836.0,0.53,44.498409329329775,0.6057951765131528,2.2485435798089872
2020-08-25,60975,-6423.0,66550.0,848.0,0.53,44.18464221039414,0.6144908010564039,-4.654333036775097
2020-08-26,67151,2919.0,63173.0,1059.0,0.53,48.65999030865398,0.7673888659419006,2.1152106701458053
2020-08-27,75760,18724.0,56013.0,1023.0,0.53,54.89837628305797,0.7413019923121477,13.568072828985974
2020-08-28,77266,16032.0,60177.0,1057.0,0.53,55.98967716323597,0.7659395951846921,11.617354389783333
2020-08-29,76472,10401.0,65050.0,1021.0,0.53,55.414316672624196,0.7398527215549391,7.536932572862803
2020-08-30,78761,12878.0,64935.0,948.0,0.53,57.073007054249324,0.6869543389168289,9.33185440566553
2020-08-31,78512,16673.0,60868.0,971.0,0.53,56.89257284497687,0.7036209526247266,12.081845667468658
2020-01-09,69921,4021.0,65081.0,819.0,0.53,50.667230307387754,0.5934763750768807,2.913758857367689
2020-02-09,78357,15286.0,62026.0,1045.0,0.53,56.78025436129321,0.7572439706414411,11.076776397344563
2020-03-09,83883,14256.0,68584.0,1043.0,0.53,60.78458946346029,0.7557946998842326,10.330401957382186
2020-04-09,83341,15586.0,66659.0,1096.0,0.53,60.391837088256786,0.7942003749502579,11.294167010925838
2020-05-09,86432,15271.0,70072.0,1089.0,0.53,62.63168504352252,0.7891279273000281,11.0659068666655
2020-06-09,90632,15925.0,73642.0,1065.0,0.53,65.67515363366037,0.7717366782135261,11.53981840427268
2020-07-09,90802,20222.0,69564.0,1016.0,0.53,65.7983416480231,0.7362295446619179,14.653576626135141
2020-08-09,75809,1155.0,73521.0,1133.0,0.53,54.933883416609575,0.8210118839586151,0.8369538622879086
2020-09-09,89706,13697.0,74894.0,1115.0,0.53,65.00414127307283,0.8079684471437386,9.92533078074241
2020-10-09,95735,21624.0,72939.0,1172.0,0.53,69.37296797067786,0.8492726637241809,15.669515426938299
2020-11-09,96551,24462.0,70880.0,1209.0,0.53,69.96427043961893,0.8760841727325381,17.72603063141716
2020-12-09,97570,14836.0,81533.0,1201.0,0.53,70.70267389041666,0.870287089703704,10.75069047697265
2020-09-13,94372,14859.0,78399.0,1114.0,0.53,68.38528994964027,0.8072438117651344,10.767357090680548
2020-09-14,92071,13423.0,77512.0,1136.0,0.53,66.7179039434719,0.8231857900944278,9.726780687004846
2020-09-15,83809,3463.0,79292.0,1054.0,0.53,60.73096644544358,0.7637656890488793,2.509412316106517
2020-09-16,90123,5872.0,82961.0,1290.0,0.53,65.30631422595081,0.9347796383994823,4.255058943164156
2020-09-17,97894,14043.0,82719.0,1132.0,0.53,70.93745575308444,0.8202872485800109,10.17605462173948
2020-09-18,96424,7778.0,87472.0,1174.0,0.53,69.87224174653619,0.8507219344813893,5.636213974783855
2020-09-19,93337,-3790.0,95880.0,1247.0,0.53,67.63529233278487,0.9036203171194996,-2.746368084910107
2020-09-20,92605,-3140.0,94612.0,1133.0,0.53,67.10485923564656,0.8210118839586151,-2.2753550888173444
2020-09-21,86961,-7525.0,93356.0,1130.0,0.53,63.01501715880417,0.8188379778228023,-5.452881223996981
2020-09-22,75083,-27438.0,101468.0,1053.0,0.53,54.407798131742894,0.7630410536702751,-19.88254551814341
2020-09-23,83347,-7484.0,89746.0,1085.0,0.53,60.39618490052841,0.7862293857856111,-5.423171173474206
2020-09-24,86508,-1995.0,87374.0,1129.0,0.53,62.686757332296445,0.8181133424441981,-1.4456475803154785
2020-09-25,86052,3734.0,81177.0,1141.0,0.53,62.35632359965291,0.8268089669874491,2.705788503708269
2020-09-26,85362,-9147.0,93420.0,1089.0,0.53,61.85632518841598,0.7891279273000281,-6.628239808093073
2020-09-27,88600,-4567.0,92043.0,1124.0,0.53,64.20269454433654,0.8144901655511768,-3.309409774085609
2020-09-28,82170,6238.0,74893.0,1039.0,0.53,59.54328905991121,0.7528961583698156,4.520275491733311
2020-09-29,70589,-15064.0,84877.0,776.0,0.53,51.1512867402954,0.5623170537968979,-10.91590734329442
2020-09-30,80472,-7135.0,86428.0,1179.0,0.53,58.31285818704119,0.8543451113744106,-5.170273426341323
2020-01-10,86821,264.0,85376.0,1181.0,0.53,62.91356820579958,0.8557943821316191,0.19130373995152197
2020-02-10,81484,1512.0,78877.0,1095.0,0.53,59.0461891901887,0.7934757395716536,1.0956486924496258
2020-03-10,79476,2779.0,75628.0,1069.0,0.53,57.591121349951365,0.7746352197279431,2.0137617171412105
2020-04-10,75829,-7371.0,82260.0,940.0,0.53,54.948376124181664,0.6811572558879949,-5.341287375691926
2020-05-10,74442,-3198.0,76737.0,903.0,0.53,53.94330685405757,0.6543457468796376,-2.317383940776391
2020-06-10,61267,-15404.0,75787.0,884.0,0.53,44.39623574094658,0.6405776746861569,-11.162283372019864
2020-07-10,72049,-11140.0,82203.0,986.0,0.53,52.2092543930576,0.7144904833037904,-8.072438117651343
2020-08-10,78524,-5458.0,83011.0,971.0,0.53,56.90126846952012,0.7036209526247266,-3.9550598964219956
2020-09-10,70496,-8833.0,78365.0,964.0,0.53,51.083895650085196,0.6985485049744968,-6.400704299211339
2020-10-10,73272,-10407.0,82753.0,926.0,0.53,53.095483461090595,0.6710123605875353,-7.541280385134429
2020-11-10,74383,-15689.0,89154.0,918.0,0.53,53.90055336671992,0.6652152775587014,-11.368804454922076
2020-12-10,66732,-5643.0,71559.0,816.0,0.53,48.3563680850188,0.5913024689410679,-4.089117441463782
2020-10-13,55342,-23124.0,77760.0,706.0,0.53,40.1027711227164,0.5115925772946004,-16.756468494844675
2020-10-14,63509,-11853.0,74632.0,730.0,0.53,46.0208682597773,0.5289838263811024,-8.589103142596175
2020-10-15,67708,-14486.0,81514.0,680.0,0.53,49.06361221453655,0.4927520574508899,-10.497068094461163
2020-10-16,63371,-7862.0,70338.0,895.0,0.53,45.920868577529916,0.6485486638508037,-5.697083346586613
2020-10-17,62212,-9441.0,70816.0,837.0,0.53,45.08101617372759,0.6065198118917572,-6.841282609402723
2020-10-18,61871,-11776.0,72614.0,1033.0,0.53,44.833915509623544,0.7485483460981901,-8.533306218443647
2020-10-19,55722,-11256.0,66399.0,579.0,0.53,40.37813256658601,0.4195638842118607,-8.156495821569436
2020-10-20,46790,-23517.0,69720.0,587.0,0.53,33.90568936489285,0.42536096724069467,-17.041250198636146
2020-10-21,54044,-8448.0,61775.0,717.0,0.53,39.16219440128808,0.5195635664592472,-6.121719678448703
2020-10-22,55839,-24278.0,79415.0,702.0,0.53,40.462914905882705,0.5086940357801835,-17.59269772175398
2020-10-23,54366,-20303.0,73979.0,690.0,0.53,39.39552699319865,0.4999984112369324,-14.712272091802085
2020-10-24,53370,-14829.0,67549.0,650.0,0.53,38.673790156108815,0.4710129960927624,-10.745618029322422
2020-10-25,50129,-12526.0,62077.0,578.0,0.53,36.32524689405244,0.4188392488332564,-9.076782752396834
2020-10-26,45148,-14437.0,59105.0,480.0,0.53,32.715838073224674,0.34782498173003995,-10.461560960909555
2020-10-27,36470,-27860.0,63842.0,488.0,0.53,26.42745225769699,0.3536220647588739,-20.188341647914402
2020-10-28,43893,-15054.0,58439.0,508.0,0.53,31.80642067307634,0.36811477233095896,-10.908660989508377
2020-10-29,49881,-7116.0,56480.0,517.0,0.53,36.14553732015859,0.37463649073839717,-5.156505354147842
2020-10-30,48648,-9301.0,57386.0,563.0,0.53,35.25206189833955,0.4079697181541927,-6.739833656398128
2020-10-31,48268,-11737.0,59454.0,551.0,0.53,34.976700454469935,0.3992740936109417,-8.505045438678081
2020-01-11,46963,-12191.0,58684.0,470.0,0.53,34.031051285391385,0.34057862794399746,-8.83402990056441
2020-02-11,45231,-8550.0,53285.0,496.0,0.53,32.77598280964882,0.35941914778770795,-6.195632487066336
2020-03-11,38310,-20503.0,58323.0,490.0,0.53,27.760781354328813,0.35507133551608244,-14.857199167522936
2020-04-11,46253,-7618.0,53357.0,514.0,0.53,33.516560166582366,0.3724625846025844,-5.520272314207175
2020-05-11,50210,-5825.0,55331.0,704.0,0.53,36.383942359719384,0.5101433065373919,-4.2210010803697555
2020-06-11,47638,-7189.0,54157.0,670.0,0.53,34.520180165949256,0.4855057036648474,-5.209403736785952
2020-07-11,50356,-4141.0,53920.0,577.0,0.53,36.48973912499561,0.4181146134546522,-3.0007151028001986
2020-08-11,45674,-3967.0,49082.0,559.0,0.53,33.09699628237051,0.40507117663977565,-2.8746285469230592
2020-09-11,45903,-2992.0,48405.0,490.0,0.53,33.26293778407088,0.35507133551608244,-2.1681090527839157
2020-10-11,38073,-4408.0,42033.0,448.0,0.53,27.589042769599605,0.32463664961470395,-3.1941927488875335
2020-11-11,44281,-10608.0,54377.0,512.0,0.53,32.08757919997479,0.37101331384537595,-7.686932096233883
2020-12-11,47905,-5363.0,52718.0,550.0,0.53,34.71365781203659,0.39854945823233745,-3.886219535454592
2020-11-13,44879,-4747.0,49079.0,547.0,0.53,32.52091115638013,0.3963755520965247,-3.439844142234374
2020-11-14,44684,-3828.0,47992.0,520.0,0.53,32.3796072575523,0.3768103968742099,-2.7739042292970684
2020-11-15,41100,-1503.0,42156.0,447.0,0.53,29.782514060634668,0.32391201423609967,-1.0891269740421876
2020-11-16,30548,-13738.0,43851.0,435.0,0.53,22.136161545602626,0.3152163896928487,-9.955040831265185
2020-11-17,29163,-12077.0,40791.0,449.0,0.53,21.13254154623574,0.3253612849933082,-8.751421467403526
2020-11-18,38617,-6596.0,44739.0,474.0,0.53,27.983244415560318,0.34347716945841444,-4.779694957273632
2020-11-19,45576,-3502.0,48493.0,585.0,0.53,33.02598201526729,0.4239116964834862,-2.537673095872083
2020-11-20,45882,491.0,44807.0,584.0,0.53,33.247720441120194,0.4231870611048819,0.3557959708946867
2020-11-21,46232,-4047.0,49715.0,564.0,0.53,33.50134282363168,0.40869435353279693,-2.932599377211399
2020-11-22,45209,1215.0,43493.0,501.0,0.53,32.76004083131953,0.36304232468072917,0.8804319850041636
2020-11-23,44059,2524.0,41024.0,511.0,0.53,31.926710145924645,0.37028867846677166,1.8289796955971267
2020-11-24,37975,-4819.0,42314.0,480.0,0.53,27.51802850249639,0.34782498173003995,-3.49201788949388
2020-11-25,44376,6079.0,37816.0,481.0,0.53,32.15641956094219,0.3485496171086442,4.405058466535235
2020-11-26,44489,7598.0,36367.0,524.0,0.53,32.23830335872447,0.3797089383886269,5.50577960663509
2020-11-27,43082,3211.0,39379.0,492.0,0.53,31.21874138102829,0.35652060627329096,2.326804200698246
2020-11-28,41322,-615.0,41452.0,485.0,0.53,29.943383114684814,0.35144815862306117,-0.4456507578416137
2020-11-29,41810,-984.0,42298.0,496.0,0.53,30.297005179443687,0.35941914778770795,-0.7130412125465819
2020-11-30,38772,-7004.0,45333.0,443.0,0.53,28.095562899243976,0.3210134727216827,-5.075346191744166
2020-01-12,31118,-11349.0,41985.0,482.0,0.53,22.54920371140705,0.3492742524872484,-8.223886911779632
2020-02-12,36604,-6959.0,43062.0,501.0,0.53,26.524553398429962,0.36304232468072917,-5.0427375997069745
2020-03-12,35551,-5701.0,40726.0,526.0,0.53,25.761512344759687,0.3811582091458354,-4.1311462934228285
2020-04-12,36595,-6861.0,42916.0,540.0,0.53,26.518031680022524,0.3913031044462949,-4.971723332603759
2020-05-12,36652,-6393.0,42533.0,512.0,0.53,26.559335896602967,0.37101331384537595,-4.632593975416969
2020-06-12,36011,-6441.0,41970.0,482.0,0.53,26.09484461891764,0.3492742524872484,-4.667376473589973
2020-07-12,32981,-6519.0,39109.0,391.0,0.53,23.899199421746765,0.2833324330342617,-4.723898033121105
2020-08-12,26567,-12863.0,39045.0,385.0,0.53,19.251388103379107,0.2789846207626362,-9.320984874986467
2020-09-12,32080,-4957.0,36635.0,402.0,0.53,23.246302945624336,0.2913034221989084,-3.5920175717412666
2020-10-12,31521,-6616.0,37725.0,412.0,0.53,22.84123176898456,0.29854977598495097,-4.794187664845717
2020-11-12,29398,-8544.0,37528.0,414.0,0.53,21.302830860207738,0.29999904674215944,-6.191284674794711
2020-12-12,30006,-3930.0,33494.0,442.0,0.53,21.743409170399122,0.32028883734307845,-2.847817037914702
2020-12-13,30254,-3273.0,33136.0,391.0,0.53,21.923118744292974,0.2833324330342617,-2.3717315941717096
2020-12-14,27071,-3960.0,30695.0,336.0,0.53,19.61660433419565,0.24347748721102797,-2.8695560992728293
2020-12-15,22065,-12766.0,34477.0,354.0,0.53,15.989079628902774,0.25652092402590443,-9.250695243261854
2020-12-17,50392,-17454.0,67104.0,742.0,0.53,36.51582599862536,0.5376794509243534,-12.647785898158578
2020-12-18,22890,-8535.0,31087.0,338.0,0.53,16.58690381625128,0.24492675796823646,-6.184762956387273
2020-12-19,25152,-5080.0,29885.0,347.0,0.53,18.226029042654094,0.2514484763756747,-3.6811477233095893
2020-12-20,26624,-3407.0,29690.0,341.0,0.53,19.29269231995955,0.2471006641040492,-2.4688327349046792
2020-12-21,24337,-1705.0,25709.0,333.0,0.53,17.635451209091627,0.2413035810752152,-1.235503320520246
2020-12-22,19556,-11121.0,30376.0,301.0,0.53,14.17096946398471,0.21811524895987922,-8.058670045457863
2020-12-23,23950,-3278.0,26895.0,333.0,0.53,17.355017317571786,0.2413035810752152,-2.375354771064731
2020-12-24,24712,-5391.0,29791.0,312.0,0.53,17.907189476068222,0.22608623812452597,-3.9065093260555113
2020-12-25,23067,-1930.0,24661.0,336.0,0.53,16.715164278264233,0.24347748721102797,-1.3985462807062023
2020-12-26,22273,-252.0,22274.0,251.0,0.53,16.139803787652458,0.18188348002966673,-0.18260811540827096
2020-12-27,18732,-2977.0,21430.0,279.0,0.53,13.573869912014809,0.2021732706305857,-2.157239522104852
2020-12-28,20021,-1389.0,21131.0,279.0,0.53,14.507924915035687,0.2021732706305857,-1.006518540881303
2020-12-29,16432,-8720.0,24900.0,252.0,0.53,11.907208541225033,0.18260811540827096,-6.318820501429059
2020-12-30,20549,-6309.0,26572.0,286.0,0.53,14.890532394938731,0.20724571828081545,-4.5717246036142125
2020-12-31,21822,-4616.0,26139.0,299.0,0.53,15.81299323190194,0.21666597820267072,-3.3449169076372174
2021-03-01,57291,-10436.0,67030.0,697.0,0.53,41.51508547561608,0.5050708588871622,-7.562294811113952
2021-04-01,16504,-3267.0,19557.0,214.0,0.53,11.959382288484539,0.15507197102130948,-2.3673837819000845
2021-05-01,16375,-12917.0,29091.0,201.0,0.53,11.86590432464459,0.1456517110994542,-9.360115185431095
2021-06-01,18088,-3490.0,21314.0,264.0,0.53,13.107204728193672,0.19130373995152197,-2.528977471328832
2021-07-01,20346,537.0,19587.0,222.0,0.53,14.743431413082067,0.16086905405014348,0.3891291983104822
2021-08-01,18139,-2634.0,20539.0,234.0,0.53,13.144161132502488,0.16956467859339447,-1.908689587243594
2021-09-01,18222,-1259.0,19253.0,228.0,0.53,13.20430586892664,0.16521686632176896,-0.9123159416627505
2021-10-01,18645,-855.0,19299.0,201.0,0.53,13.510826634076238,0.1456517110994542,-0.6195632487066336
2021-11-01,16311,-809.0,16959.0,161.0,0.53,11.81952766041392,0.11666629595528423,-0.5862300212908381
2021-12-01,12584,-5968.0,18385.0,167.0,0.53,9.11881160435588,0.12101410822690972,-4.324623939510163
2021-01-13,15968,-2051.0,17817.0,202.0,0.53,11.570977725552662,0.14637634647805847,-1.4862271615173164
2021-01-14,16946,-904.0,17652.0,198.0,0.53,12.279671125827619,0.1434778049636415,-0.6550703822582419
2021-01-15,15590,-576.0,15975.0,191.0,0.53,11.297065552440255,0.13840535731341172,-0.41738997807604794
2021-01-16,15158,-1994.0,16977.0,175.0,0.53,10.98402306888322,0.12681119125574372,-1.4449229449368743
2021-01-17,15144,-2207.0,17170.0,181.0,0.53,10.97387817358276,0.13115900352736923,-1.5992702805795795
2021-01-18,13788,-814.0,14457.0,145.0,0.53,9.991272600195398,0.10507212989761623,-0.5898531981838594
2021-01-19,10064,-7484.0,17411.0,137.0,0.53,7.2927304502731705,0.09927504686878223,-5.423171173474206
2021-01-20,13823,-3327.0,16988.0,162.0,0.53,10.016634838446546,0.11739093133388848,-2.4108619046163393
2021-01-21,15223,-4893.0,19965.0,151.0,0.53,11.031124368492495,0.10941994216924172,-3.545640907510595
2021-01-22,14545,-3620.0,18002.0,163.0,0.53,10.539821581798815,0.11811556671249272,-2.6231800705473844
2021-01-23,14256,-3026.0,17130.0,152.0,0.53,10.330401957382186,0.11014457754784598,-2.1927466556564603
2021-01-24,14849,-1254.0,15948.0,155.0,0.53,10.760110736894505,0.11231848368365872,-0.9086927647697294
2021-01-25,13203,-226.0,13298.0,131.0,0.53,9.567360903711911,0.09492723459715673,-0.16376759556456047
2021-01-27,21791,-7684.0,29221.0,254.0,0.53,15.79052953516521,0.18405738616547948,-5.568098249195056
2021-01-28,11666,-2758.0,14301.0,123.0,0.53,8.453596326797179,0.08913015156832274,-1.9985443741905211
2021-01-29,18855,-2054.0,20746.0,163.0,0.53,13.663000063583132,0.11811556671249272,-1.4884010676531292
2021-01-30,13083,-1862.0,14808.0,137.0,0.53,9.4804046582794,0.09927504686878223,-1.3492710749611132
2021-01-31,13052,-1040.0,13965.0,127.0,0.53,9.45794096154267,0.09202869308273974,-0.7536207937484198
2021-01-02,11427,-549.0,11858.0,118.0,0.53,8.280408471310762,0.08550697467530148,-0.39782482285373316
2021-02-02,8635,-4882.0,13423.0,94.0,0.53,6.257226494247698,0.06811572558879948,-3.537669918345948
2021-03-02,11039,-3296.0,14225.0,110.0,0.53,7.999249944412314,0.07970989164646748,-2.3883982078796078
2021-04-02,12899,-5032.0,17824.0,107.0,0.53,9.34707174861622,0.07753598551065474,-3.6463652251365852
2021-05-02,12408,-3565.0,15853.0,120.0,0.53,8.991275777721532,0.08695624543250999,-2.583325124724151
2021-06-02,11713,-2870.0,14488.0,95.0,0.53,8.487654189591579,0.06884036096740374,-2.079703536594197
2021-07-02,12059,176.0,11805.0,78.0,0.53,8.738378030588649,0.05652155953113149,0.12753582663434798
2021-08-02,11831,-157.0,11904.0,84.0,0.53,8.57316116426688,0.06086937180275699,-0.11376775444086723
2021-09-02,9110,-4984.0,14016.0,78.0,0.53,6.601428299084716,0.05652155953113149,-3.611582726963581
2021-10-02,11067,-2114.0,13087.0,94.0,0.53,8.019539735013232,0.06811572558879948,-1.5318791903693842
2021-11-02,12923,1051.0,11764.0,108.0,0.53,9.364462997702722,0.07826062088925899,0.7615917829130666
2021-12-02,9309,-6636.0,15858.0,87.0,0.53,6.745630739426962,0.06304327793856974,-4.808680372417802
2021-02-13,12143,645.0,11395.0,103.0,0.53,8.799247402391407,0.07463744399623774,0.46738981919974115
2021-02-14,12194,996.0,11106.0,92.0,0.53,8.836203806700222,0.06666645483159099,0.7217368370898328
2021-02-15,11649,2070.0,9489.0,90.0,0.53,8.441277525360906,0.06521718407438248,1.4999952337107971
2021-02-16,9121,-2765.0,11805.0,81.0,0.53,6.609399288249363,0.05869546566694424,-2.003616821840751
2021-02-17,11610,-323.0,11833.0,100.0,0.53,8.41301674559534,0.07246353786042499,-0.23405722728917272
2021-02-18,12881,793.0,11987.0,101.0,0.53,9.334028311801342,0.07318817323902924,0.5746358552331702
2021-02-19,13193,2200.0,10896.0,97.0,0.53,9.560114549925869,0.07028963172461224,1.5941978329293498
2021-02-20,13993,3585.0,10307.0,101.0,0.53,10.139822852809269,0.07318817323902924,2.597817832296236
2021-02-21,14264,2507.0,11667.0,90.0,0.53,10.336199040411021,0.06521718407438248,1.8166608941608544
2021-02-22,14199,4421.0,9695.0,83.0,0.53,10.289097740801743,0.06014473642415274,3.2036130088093886
2021-02-23,10584,-2749.0,13255.0,78.0,0.53,7.66954084714738,0.05652155953113149,-1.992022655783083
2021-02-24,13742,-399.0,14037.0,104.0,0.53,9.957939372779602,0.07536207937484199,-0.28912951606309567
2021-02-25,16738,4801.0,11799.0,138.0,0.53,12.128946967077935,0.09999968224738648,3.4789744526790036
2021-02-26,16577,4278.0,12179.0,120.0,0.53,12.01228067112265,0.08695624543250999,3.099990149668981
2021-02-27,16488,3604.0,12771.0,113.0,0.53,11.947788122426871,0.08188379778228023,2.6115859044897167
2021-01-03,32262,9037.0,23006.0,219.0,0.53,23.378186584530308,0.15869514791433073,6.548529916446606
2021-02-03,12286,-269.0,12464.0,91.0,0.53,8.902870261531813,0.06594181945298674,-0.19492691684454322
2021-03-03,14989,1768.0,13123.0,98.0,0.53,10.861559689899101,0.07101426710321648,1.2811553493723138
2021-04-03,17407,3287.0,14031.0,89.0,0.53,12.613728035364177,0.06449254869577824,2.381876489472169
2021-06-03,35165,6891.0,28053.0,221.0,0.53,25.481803088618445,0.16014441867153922,4.993462393961886
2021-07-03,18711,4219.0,14392.0,100.0,0.53,13.558652569064119,0.07246353786042499,3.0572366623313303
2021-08-03,18599,4224.0,14278.0,97.0,0.53,13.477493406660443,0.07028963172461224,3.0608598392243516
2021-09-03,15388,-1285.0,16596.0,77.0,0.53,11.150689205962196,0.05579692415252724,-0.931156461506461
2021-10-03,17921,-2864.0,20652.0,133.0,0.53,12.986190619966761,0.09637650535436523,-2.0753557243225718
2021-11-03,22854,4628.0,18100.0,126.0,0.53,16.560816942621525,0.09130405770413548,3.3536125321804686
2021-03-13,48167,12796.0,35114.0,257.0,0.53,34.9035122812309,0.1862312923012922,9.272434304619981
2021-03-14,25320,8522.0,16637.0,161.0,0.53,18.347767786259606,0.11666629595528423,6.1753426964654174
2021-03-15,26291,8718.0,17455.0,118.0,0.53,19.051388738884334,0.08550697467530148,6.31737123067185
2021-03-16,24492,4170.0,20191.0,131.0,0.53,17.74776969277529,0.09492723459715673,3.021729528779722
2021-03-17,28903,10974.0,17741.0,188.0,0.53,20.944136347798633,0.13623145117759897,7.952148644803038
2021-03-18,35871,17958.0,17741.0,172.0,0.53,25.99339566591305,0.12463728511993098,13.013002128975119
2021-03-19,39726,18918.0,20654.0,154.0,0.53,28.78686505043243,0.11159384830505448,13.7086520924352
2021-03-20,40953,17112.0,23653.0,188.0,0.53,29.675992659979844,0.13623145117759897,12.399960598675923
2021-03-21,43846,20693.0,22956.0,197.0,0.53,31.77236281028194,0.14275316958503723,14.994879889457742
2021-03-22,46951,25559.0,21180.0,212.0,0.53,34.022355660848135,0.15362270026410096,18.520955641746024
2021-03-23,40715,10731.0,29785.0,199.0,0.53,29.503529439872032,0.14420244034224572,7.776062247802205
2021-03-24,47262,23080.0,23907.0,275.0,0.53,34.247717263594055,0.19927472911616873,16.724584538186086
2021-03-25,53476,26735.0,26490.0,251.0,0.53,38.75060150624087,0.18188348002966673,19.37312684698462
2021-03-27,121376,57455.0,63373.0,548.0,0.53,87.95334371346944,0.39710018747512893,41.633925677707175
2021-03-28,62714,33663.0,28739.0,312.0,0.53,45.44478313378693,0.22608623812452597,24.393400749954864
2021-03-29,68020,35498.0,32231.0,291.0,0.53,49.28969845266108,0.21086889517383672,25.72310666969366
2021-03-30,56211,18912.0,37028.0,271.0,0.53,40.73247926672349,0.1963761876017517,13.704304280163573
2021-03-31,53480,11846.0,41280.0,354.0,0.53,38.75350004775528,0.25652092402590443,8.584030694945945
2021-01-04,72330,31489.0,40382.0,459.0,0.53,52.41287693444539,0.3326076387793507,22.818043436869225
2021-02-04,81466,30641.0,50356.0,469.0,0.53,59.03314575337382,0.33985399256539317,22.20355263581282
2021-03-04,89129,44213.0,44202.0,714.0,0.53,64.58602665961818,0.5173896603234344,32.0383039942297
2021-04-04,93249,32688.0,60048.0,513.0,0.53,67.57152441946769,0.3717379492239802,23.68688125581572
2021-05-04,103558,50233.0,52847.0,478.0,0.53,75.04179053749891,0.34637571097283143,36.40060897342728
2021-06-04,96982,46393.0,50143.0,446.0,0.53,70.27658828779737,0.32318737885749543,33.618009119586965
2021-07-04,115736,55250.0,59856.0,630.0,0.53,83.86640017814146,0.45652028852067744,40.03610466788481
2021-08-04,126789,66846.0,59258.0,685.0,0.53,91.87579501785423,0.4963752343439112,48.438976518179686
2021-09-04,131968,69289.0,61899.0,780.0,0.53,95.62868164364565,0.5652155953113149,50.20926074810987
2021-10-04,145384,67023.0,77567.0,794.0,0.53,105.35038988300026,0.5753604906117744,48.56723698019264
2021-11-04,152879,61456.0,90584.0,839.0,0.53,110.78153204563911,0.6079690826489657,44.53319182750278
2021-12-04,168912,92922.0,75086.0,904.0,0.53,122.39961107080106,0.6550703822582419,67.33456865066411
2021-04-13,161736,63689.0,97168.0,879.0,0.53,117.19962759393695,0.6369544977931356,46.15130262792607
2021-04-14,184372,101006.0,82339.0,1027.0,0.53,133.60247402402277,0.7442005338265646,73.19252105130086
2021-04-15,200739,106173.0,93528.0,1038.0,0.53,145.4625812656385,0.7521715229912114,76.93671205254903
2021-04-16,217353,97866.0,118302.0,1185.0,0.53,157.5016734457695,0.8586929236460361,70.91716596248352
2021-04-17,234692,109997.0,123354.0,1341.0,0.53,170.0661262753886,0.971736042708299,79.70771774033167
2021-04-18,261500,121576.0,138423.0,1501.0,0.53,189.49215150501135,1.0876777032849791,88.09827078919028
2021-04-19,273810,128013.0,144178.0,1619.0,0.53,198.41241301562965,1.1731846779602806,92.76274872126584
2021-04-20,259170,102648.0,154761.0,1761.0,0.53,187.80375107286343,1.276082901722084,74.38237234296903
2021-04-21,295041,125561.0,167457.0,2023.0,0.53,213.7971467387765,1.4659373709163974,90.98594277292821
2021-04-22,314835,133890.0,178841.0,2104.0,0.53,228.140579422869,1.5246328365833417,97.02143084132301
2021-04-23,332730,137188.0,193279.0,2263.0,0.53,241.10792952299207,1.6398498617814175,99.41127831995983
2021-04-24,346786,124324.0,219838.0,2624.0,0.53,251.2934044046534,1.9014432334575517,90.08956880959477
2021-04-25,349691,129811.0,217113.0,2767.0,0.53,253.39847017949873,2.0050660925979593,94.06564313199628
2021-04-26,352991,130907.0,219272.0,2812.0,0.53,255.78976692889276,2.037674684635151,94.85984350694653
2021-04-27,323144,68546.0,251827.0,2771.0,0.53,234.16157478369172,2.0079646341123762,49.67085666180691
2021-04-28,360960,96505.0,261162.0,3293.0,0.53,261.56438626099003,2.3862243017437947,69.93093721220313
2021-04-29,379257,106105.0,269507.0,3645.0,0.53,274.82303978331197,2.641295955012491,76.88743684680394
2021-04-30,386452,85414.0,297540.0,3498.0,0.53,280.03679133236955,2.534774554357666,61.8940062281034
2021-01-05,401993,98482.0,299988.0,3523.0,0.53,291.29834975125823,2.5528904388227724,71.36354135570373
2021-02-05,392488,80934.0,307865.0,3689.0,0.53,284.4106904776248,2.673179911671078,58.64763973195636
2021-03-05,368147,63998.0,300732.0,3417.0,0.53,266.7723407270188,2.476079088690722,46.375214959914786
2021-04-05,357229,33491.0,320289.0,3449.0,0.53,258.86077166341755,2.4992674208060577,24.268763464834933
2021-05-05,382315,40096.0,338439.0,3780.0,0.53,277.0389747710838,2.7391217311240643,29.054980140516
2021-06-05,412262,79169.0,329113.0,3980.0,0.53,298.73963045414524,2.8840488068449144,57.36865828871986
2021-07-05,414188,78766.0,331507.0,3915.0,0.53,300.13527819333706,2.8369475072356383,57.076630231142346
2021-08-05,401078,78282.0,318609.0,4187.0,0.53,290.63530837983535,3.0340483302159944,56.72590670789789
2021-09-05,403738,13202.0,386444.0,4092.0,0.53,292.56283848692266,2.9652079692485906,9.566636268333307
2021-10-05,366161,8589.0,353818.0,3754.0,0.53,265.33321486511073,2.720281211280354,6.223893266831902
2021-11-05,329942,-30016.0,356082.0,3876.0,0.53,239.0876460874434,2.8086867274700724,-21.750655524185163
2021-12-05,348421,-11122.0,355338.0,4205.0,0.53,252.47818324867134,3.047091767030871,-8.059394680836467
2021-05-13,362727,6426.0,352181.0,4120.0,0.53,262.84481697498376,2.9854977598495096,4.65650694291091
2021-05-14,0,0.0,0.0,0.0,0.53,0.0,0.0,0.0
2021-05-15,343144,-5632.0,344776.0,4000.0,0.53,248.65428235577673,2.8985415144169995,-4.081146452299135
2021-05-16,637268,-86435.0,715736.0,7967.0,0.53,461.7869384523731,5.773170061340059,-62.63385894965834
2021-05-17,281386,-101461.0,378741.0,4106.0,0.53,203.90225064393545,2.97535286454905,-73.5222301485658
2021-05-18,263533,-163232.0,422436.0,4329.0,0.53,190.9653352297138,3.136946553977798,-118.28368212032892
2021-05-19,267334,-127046.0,389851.0,4529.0,0.53,193.71967430378854,3.2818736296986475,-92.06202631015553
2021-05-20,276110,-96841.0,369077.0,3874.0,0.53,200.07907438641942,2.807237456712864,-70.17441469941416
2021-05-21,259551,-101953.0,357295.0,4209.0,0.53,188.07983715211165,3.0499903085452877,-73.87875075483909
2021-05-22,257299,-104525.0,357630.0,4194.0,0.53,186.44795827949488,3.039120777866224,-75.74251294860922
2021-05-23,240842,-118001.0,355102.0,3741.0,0.53,174.52263385380473,2.710860951358499,-85.5076993106801
2021-05-24,222315,-84683.0,302544.0,4454.0,0.53,161.09731419440382,3.227525976303329,-61.36429776634369
2021-05-25,196427,-133934.0,326850.0,3511.0,0.53,142.33795351309698,2.544194814279521,-97.0533147979816
2021-05-26,208921,-91191.0,295955.0,4157.0,0.53,151.3915479333785,3.0123092688578668,-66.08022481030015
2021-05-27,211298,-75684.0,283135.0,3847.0,0.53,153.1140062283208,2.787672301490549,-54.84330399428405
2021-05-28,186364,-76755.0,259459.0,3660.0,0.53,135.0459476982024,2.6521654856915546,-55.619388484769196
2021-05-30,339343,-228644.0,560910.0,7077.0,0.53,245.89994328170195,5.128244574382276,-165.6835315055901
2021-05-31,152734,-88416.0,238022.0,3128.0,0.53,110.6764599157415,2.2666594642740936,-64.06936163467336
2021-01-06,127510,-130572.0,255287.0,2795.0,0.53,92.3982571258279,2.0253558831988783,-94.61709065511411
2021-02-06,132788,-101875.0,231456.0,3207.0,0.53,96.22288265410113,2.323905659183829,-73.82222919530795
2021-03-06,134154,-80232.0,211499.0,2887.0,0.53,97.21273458127453,2.0920223380304694,-58.13894569617617
2021-04-06,132364,-77420.0,207071.0,2713.0,0.53,95.91563725357292,1.9659357821533299,-56.10127101154102
2021-05-06,120529,-80745.0,197894.0,3380.0,0.53,87.33957754779163,2.4492675796823646,-58.51068364540016
2021-06-06,114460,-77449.0,189232.0,2677.0,0.53,82.94176543504244,1.9398489085235768,-56.122285437520546
2021-07-06,100636,-76190.0,174399.0,2427.0,0.53,72.92440596121729,1.7586900638725145,-55.2099694958578
2021-08-06,86498,-97907.0,182282.0,2123.0,0.53,62.67951097851041,1.5384009087768225,-70.94687601300629
2021-09-06,92596,-72287.0,162664.0,2219.0,0.53,67.09833751723912,1.6079659051228306,-52.381717613165414
2021-10-06,94052,-63463.0,151367.0,6148.0,0.53,68.1534066284869,4.455058307658928,-45.98753503236151
2021-11-06,91702,-46281.0,134580.0,3403.0,0.53,66.45051348876692,2.4659341933902623,-33.536849957183286
2021-12-06,84332,-40981.0,121311.0,4002.0,0.53,61.1099507484536,2.899990785174208,-29.696282450580764
2021-06-13,80834,-54531.0,132062.0,3303.0,0.53,58.57517619409593,2.3934706555298373,-39.51509183066835
2021-06-14,70421,-53001.0,119501.0,3921.0,0.53,51.02954799668988,2.841295319507264,-38.40639970140385
2021-06-15,60471,-59780.0,117525.0,2726.0,0.53,43.819425979577595,1.9753560420751852,-43.318702932962054
2021-06-16,62224,-47946.0,107628.0,2542.0,0.53,45.08971179827084,1.842023132412003,-34.74336786255937
2021-06-17,67208,-38692.0,103570.0,2330.0,0.53,48.701294525234424,1.6884004321479023,-28.037592068955636
2021-06-18,62480,-28084.0,88977.0,1587.0,0.53,45.27521845519353,1.1499963458449445,-20.350659972721754
2021-06-19,60753,-38637.0,97743.0,1647.0,0.53,44.02377315634399,1.1934744685611995,-27.997737123132403
2021-06-20,58419,-30776.0,87619.0,1576.0,0.53,42.33247418268167,1.1420253566802978,-22.301378411924393
2021-06-21,53256,-26356.0,78190.0,1422.0,0.53,38.59118172294793,1.0304315083752433,-19.09849003849361
2021-06-22,42640,-40366.0,81839.0,1167.0,0.53,30.898452543685213,0.8456494868311596,-29.25063169273915
2021-06-23,50848,-19327.0,68817.0,1358.0,0.53,36.846259731268894,0.9840548441445713,-14.005027962284338
2021-06-25,105736,-30326.0,133412.0,2650.0,0.53,76.62004639209897,1.9202837533012622,-21.97529249155248
2021-06-26,48698,-17303.0,64818.0,1183.0,0.53,35.28829366726976,0.8572436528888276,-12.538365955989336
2021-06-27,50040,-9162.0,57944.0,1258.0,0.53,36.260754345356666,0.9115913062841463,-6.639109338772137
2021-06-28,46148,-13409.0,58578.0,979.0,0.53,33.44047345182892,0.7094180356535607,-9.716635791704386
2021-06-29,37566,-20335.0,56994.0,907.0,0.53,27.22165263264725,0.6572442883940546,-14.735460423917422
2021-06-30,45951,-15595.0,60729.0,817.0,0.53,33.29772028224389,0.5920271043196721,-11.300688729333277
2021-01-07,48786,-13807.0,61588.0,1005.0,0.53,35.352061580586934,0.7282585554972711,-10.005040672388878
2021-02-07,46617,-13620.0,59384.0,853.0,0.53,33.78032744439432,0.6181139779494251,-9.869533856589884
2021-03-07,44111,-14104.0,57477.0,738.0,0.53,31.964391185612065,0.5347809094099364,-10.22025737983434
2021-04-07,43071,-10183.0,52299.0,955.0,0.53,31.210770391863647,0.6920267865670586,-7.378962060327076
2021-05-07,39796,-3279.0,42352.0,723.0,0.53,28.837589526934728,0.5239113787308727,-2.3760794064433353
2021-06-07,34703,-17714.0,51864.0,553.0,0.53,25.147021543703282,0.4007233643681502,-12.836191096595682
2021-07-07,43733,-4437.0,47240.0,930.0,0.53,31.690479012499658,0.6739109021019524,-3.2152071748670568
2021-08-07,45892,784.0,44291.0,817.0,0.53,33.25496679490624,0.5920271043196721,0.5681141368257319
2021-09-07,43393,-1977.0,44459.0,911.0,0.53,31.444102983774215,0.6601428299084716,-1.432604143500602
2021-10-07,42766,-3694.0,45254.0,1206.0,0.53,30.98975660138935,0.8739102665967253,-2.676803088564099
2021-11-07,41506,-915.0,41526.0,895.0,0.53,30.076716024347995,0.6485486638508037,-0.6630413714228887
2021-12-07,37154,-3219.0,39649.0,724.0,0.53,26.9231028566623,0.5246360141094769,-2.3326012837270804
2021-07-13,31443,-19584.0,49007.0,2020.0,0.53,22.78471020945343,1.4637634647805848,-14.19125925458563
2021-07-14,40255,-1369.0,41000.0,624.0,0.53,29.17019716571408,0.45217247624905194,-0.9920258333092181
2021-07-15,41806,2095.0,39130.0,581.0,0.53,30.29410663792927,0.42101315496906916,1.5181111181759035
2021-07-16,38949,-1619.0,40026.0,542.0,0.53,28.22382336125693,0.3927523752035034,-1.1731846779602806
2021-07-17,38079,-6397.0,43916.0,560.0,0.53,27.59339058187123,0.40579581201837994,-4.635492516931387
2021-07-18,41157,-1365.0,42004.0,518.0,0.53,29.82381827721511,0.37536112611700145,-0.9891272917948011
2021-07-19,38164,-995.0,38660.0,499.0,0.53,27.654984589052592,0.3615930539235207,-0.7210122017112286
2021-07-21,72108,-14495.0,82231.0,4372.0,0.53,52.25200788039525,3.1681058752577806,-10.503589812868602
2021-07-22,41383,2224.0,38652.0,507.0,0.53,29.987585872779672,0.3673901369523547,1.6115890820158516
2021-07-26,153542,1795.0,149767.0,1980.0,0.53,111.26196530165373,1.4347780496364146,1.3007205045946286
2021-07-27,29689,-13089.0,42363.0,415.0,0.53,21.513699755381573,0.30072368212076367,-9.484752470551026
2021-07-28,43654,1336.0,41678.0,640.0,0.53,31.633232817589924,0.46376664230671993,0.9681128658152778
2021-07-29,43509,4404.0,38465.0,640.0,0.53,31.528160687692306,0.46376664230671993,3.1912942073731165
2021-07-30,82294,13490.0,68104.0,700.0,0.53,59.63314384685814,0.5072447650229749,9.775331257371331
2021-07-31,-34479,-20585.0,-14197.0,303.0,0.53,-24.98470321889593,0.2195645197170877,-14.916619268568484
2021-01-08,79895,14207.0,65002.0,686.0,0.53,57.894743573586545,0.4970998697225154,10.294894823830578
2021-02-08,40134,2766.0,36946.0,422.0,0.53,29.082516284902965,0.30579612977099346,2.004341457219355
2021-03-08,30549,-8760.0,38887.0,422.0,0.53,22.13688618098123,0.30579612977099346,-6.347805916573229
2021-04-08,42625,5395.0,36668.0,562.0,0.53,30.88758301300615,0.4072450827755884,3.909407867569928
2021-05-08,42982,723.0,41726.0,533.0,0.53,31.14627784316787,0.38623065679606516,0.5239113787308727
2021-06-08,44643,3083.0,41096.0,464.0,0.53,32.34989720702953,0.33623081567237195,2.234050872236902
2021-07-08,38628,-2006.0,40017.0,617.0,0.53,27.991215404724965,0.4471000285988222,-1.4536185694801251
2021-08-08,39070,-5331.0,43910.0,491.0,0.53,28.311504242068043,0.3557959708946867,-3.863031203339256
2021-09-08,35499,-4634.0,39686.0,447.0,0.53,25.723831305072267,0.32391201423609967,-3.357960344452094
